{
	"range": ["2010-10","2019-11"],
	"data": {
	"17600": {
		"name": "Fresh Pastures Cic",
		"total": 38829.2900000001,
		"monthly": {
			"2015-02": {"total":11514.14, "Adult Social Care":6393.38, "Central & Corporate":4255.66, "Childrens Services":865.10},
			"2015-03": {"total":13123.02, "Adult Social Care":5965.75, "Central & Corporate":5620.09, "Childrens Services":1537.18},
			"2015-04": {"total":11240.07, "Adult Social Care":5408.36, "Central & Corporate":4981.11, "Childrens Services":850.60},
			"2015-05": {"total":2610.36, "Adult Social Care":1320.11, "Central & Corporate":1129.60, "Childrens Services":160.65},
			"2015-06": {"total":274.70, "Adult Social Care":256.92, "Central & Corporate":15.24, "Childrens Services":2.54},
			"2015-07": {"total":67.00, "Central & Corporate":67.00}
		}
	},
	"17601": {
		"name": "Fresh Pastures Community Interest Co",
		"total": 154189.859999998,
		"monthly": {
			"2014-01": {"total":13343.48, "Adult Social Care":7016.82, "Central & Corporate":5435.82, "Childrens Services":890.84},
			"2014-02": {"total":12325.37, "Adult Social Care":6691.99, "Central & Corporate":4731.93, "Childrens Services":877.32, "City Development":24.13},
			"2014-03": {"total":12503.04, "Adult Social Care":6339.97, "Central & Corporate":5082.29, "Childrens Services":1026.17, "City Development":54.61},
			"2014-04": {"total":14835.32, "Adult Social Care":7574.02, "Central & Corporate":5900.91, "Childrens Services":1274.03, "City Development":86.36},
			"2014-05": {"total":9603.50, "Adult Social Care":5743.94, "Central & Corporate":3070.15, "Childrens Services":771.63, "City Development":17.78},
			"2014-06": {"total":10760.99, "Adult Social Care":5544.94, "Central & Corporate":3956.38, "Childrens Services":1250.78, "City Development":8.89},
			"2014-07": {"total":15223.06, "Adult Social Care":7091.21, "Central & Corporate":6767.13, "Childrens Services":1364.72},
			"2014-08": {"total":11067.56, "Adult Social Care":5518.37, "Central & Corporate":4629.62, "Childrens Services":919.57},
			"2014-09": {"total":10101.95, "Adult Social Care":6760.35, "Central & Corporate":1924.28, "Childrens Services":1417.32},
			"2014-10": {"total":11201.95, "Adult Social Care":5486.95, "Central & Corporate":4701.98, "Childrens Services":1013.02},
			"2014-11": {"total":11266.58, "Adult Social Care":5522.55, "Central & Corporate":4630.68, "Childrens Services":1113.35},
			"2014-12": {"total":12500.16, "Adult Social Care":6722.79, "Central & Corporate":4642.87, "Childrens Services":1134.50},
			"2015-01": {"total":9456.90, "Adult Social Care":4002.04, "Central & Corporate":4792.50, "Childrens Services":662.36}
		}
	},
	"17602": {
		"name": "Fresh Pastures Ltd",
		"total": 140184.72,
		"monthly": {
			"2019-07": {"total":31309.22, "Adults and Health":83.82, "Children and Families":810.70, "City Development":917.27, "Communities and Environment":4409.96, "Resources and Housing":25087.47},
			"2019-08": {"total":26987.86, "Adults and Health":114.30, "Children and Families":1218.57, "City Development":1047.35, "Communities and Environment":3410.81, "Resources and Housing":21196.83},
			"2019-09": {"total":14917.71, "Adults and Health":88.90, "Children and Families":1062.25, "City Development":1204.43, "Communities and Environment":6953.85, "Resources and Housing":5608.28},
			"2019-10": {"total":34092.05, "Adults and Health":71.12, "Children and Families":882.76, "City Development":1043.21, "Communities and Environment":4301.08, "Resources and Housing":27793.88},
			"2019-11": {"total":32877.88, "Adults and Health":71.12, "Children and Families":1024.81, "City Development":1024.71, "Communities and Environment":3215.75, "Resources and Housing":27541.49}
		}
	},
	"17603": {
		"name": "Fresh Propery Group",
		"total": 1264,
		"monthly": {
			"2019-10": {"total":1264.00, "Children and Families":1264.00}
		}
	},
	"17604": {
		"name": "Fresh Student Living L",
		"total": 50,
		"monthly": {
			"2019-09": {"total":50.00, "Children and Families":50.00}
		}
	},
	"17605": {
		"name": "Freshco Foods (Bra",
		"total": 50,
		"monthly": {
			"2016-04": {"total":50.00, "Childrens Services":50.00}
		}
	},
	"17606": {
		"name": "Freshehr Clinical Informatics Ltd",
		"total": 3661.51,
		"monthly": {
			"2018-08": {"total":3661.51, "Adults and Health":3661.51}
		}
	},
	"17607": {
		"name": "Freshfayre Ltd",
		"total": 100000,
		"monthly": {
			"2016-08": {"total":50000.00, "City Development":50000.00},
			"2017-12": {"total":50000.00, "City Development":50000.00}
		}
	},
	"17608": {
		"name": "Freshwater Coolers Plc",
		"total": 715.76,
		"monthly": {
			"2014-01": {"total":715.76, "Adult Social Care":715.76}
		}
	},
	"17609": {
		"name": "Freshwater Property Management Ltd",
		"total": 69384.07,
		"monthly": {
			"2011-03": {"total":7617.50, "Central & Corporate Functions":7617.50},
			"2011-04": {"total":4250.00, "Environment & Neighbourhoods":4250.00},
			"2011-06": {"total":7617.50, "Central & Corporate Functions":7617.50},
			"2011-07": {"total":4250.00, "Environment & Neighbourhoods":4250.00},
			"2012-01": {"total":2030.56, "Environment & Neighbourhoods":2030.56},
			"2012-04": {"total":17097.85, "Environment & Neighbourhoods":17097.85},
			"2012-05": {"total":21076.13, "City Development":21076.13},
			"2014-02": {"total":5208.28, "Environment & Housing":5208.28},
			"2014-04": {"total":105.00, "Environment & Housing":105.00},
			"2014-07": {"total":26.25, "Environment & Housing":26.25},
			"2014-10": {"total":26.25, "Environment & Housing":26.25},
			"2014-12": {"total":26.25, "Environment & Housing":26.25},
			"2015-04": {"total":26.25, "Environment & Housing":26.25},
			"2015-06": {"total":26.25, "Environment & Housing":26.25}
		}
	},
	"17610": {
		"name": "Freshwater Uk Regions Ltd",
		"total": 90929.69,
		"monthly": {
			"2015-06": {"total":49673.00, "City Development":49673.00},
			"2015-09": {"total":19216.58, "City Development":19216.58},
			"2015-12": {"total":17305.11, "City Development":17305.11},
			"2016-10": {"total":4735.00, "City Development":4735.00}
		}
	},
	"17611": {
		"name": "Freshways",
		"total": 315.2,
		"monthly": {
			"2017-03": {"total":24.70, "Environment & Housing":24.70},
			"2017-06": {"total":10.00, "Children and Families":10.00},
			"2017-11": {"total":20.00, "Resources and Housing":20.00},
			"2018-01": {"total":60.00, "Children and Families":60.00},
			"2018-09": {"total":189.44, "Resources and Housing":189.44},
			"2019-07": {"total":11.06, "Resources and Housing":11.06}
		}
	},
	"17612": {
		"name": "Freshways (Lincoln Gre",
		"total": 41,
		"monthly": {
			"2015-02": {"total":41.00, "Childrens Services":41.00}
		}
	},
	"17613": {
		"name": "Fretwell-Downing Hospitality Ltd",
		"alternate-names": [
			"Fretwell-Downing Hospitality Limited"
		],
		"total": 13412.8,
		"monthly": {
			"2012-01": {"total":1487.68, "Central & Corporate Functions":1487.68},
			"2013-01": {"total":1536.77, "Central & Corporate":1536.77},
			"2014-01": {"total":1579.03, "Central & Corporate":1579.03},
			"2015-02": {"total":1624.03, "Central & Corporate":1624.03},
			"2016-01": {"total":1667.07, "Civic Enterprise Leeds":1667.07},
			"2017-01": {"total":1750.42, "Civic Enterprise Leeds":1750.42},
			"2018-01": {"total":1837.95, "Resources and Housing":1837.95},
			"2019-01": {"total":1929.85, "Resources and Housing":1929.85}
		}
	},
	"17614": {
		"name": "Freyer Wilson Estates Ltd",
		"total": 1040,
		"monthly": {
			"2015-09": {"total":1040.00, "Childrens Services":1040.00}
		}
	},
	"17615": {
		"name": "Freyssinet Ltd",
		"total": 422850.14,
		"monthly": {
			"2011-02": {"total":284039.39, "City Development":284039.39},
			"2011-08": {"total":50454.95, "City Development":50454.95},
			"2012-05": {"total":88355.80, "City Development":88355.80}
		}
	},
	"17616": {
		"name": "Frg Ltd",
		"total": 3896.21,
		"monthly": {
			"2013-03": {"total":469.26, "Childrens Services":469.26},
			"2014-03": {"total":300.00, "Childrens Services":300.00},